split,feature,family,cos_d_bar,cos_mu_hat,cos_v_hat,weak_half_energy,logit_reach
test,3272,decoder,0.06300199031829834,-0.023285191506147385,1.000000238418579,0.4346712827682495,39.888004302978516
test,3272,shared,0.6315822601318359,-0.10249774158000946,0.8135597109794617,0.5722382664680481,35.755184173583984
test,3272,diffmeans,0.059266407042741776,-0.009040314704179764,0.8436315059661865,0.4343695342540741,50.56237030029297
test,3272,centred,0.05964477360248566,1.862645149230957e-09,0.9997289180755615,0.43452325463294983,39.89677810668945
test,3272,purified,1.862645149230957e-08,-0.014186093583703041,0.9980135560035706,0.4343240261077881,39.87923812866211
test,3272,diffmeans_purified,0.0,-0.0004550255835056305,0.8413766026496887,0.4337286949157715,50.56025695800781
test,3272,learned,0.644418478012085,-0.17922267317771912,0.7008887529373169,0.6756051182746887,34.441593170166016
test,16355,decoder,0.008548704907298088,0.00112107302993536,1.0,0.4693964719772339,37.68238830566406
test,16355,shared,0.6043640375137329,-0.08567601442337036,0.8018456697463989,0.6129994988441467,32.83541488647461
test,16355,diffmeans,-0.01671159267425537,0.05993632227182388,0.890365481376648,0.4423288404941559,42.00967025756836
test,16355,centred,0.008711129426956177,1.862645149230957e-09,0.9999994039535522,0.4694075286388397,37.68019104003906
test,16355,purified,5.587935447692871e-09,0.002359638921916485,0.9999634623527527,0.46897315979003906,37.70426559448242
test,16355,diffmeans_purified,3.725290298461914e-09,0.057523299008607864,0.8906326293945312,0.442795991897583,41.95737838745117
test,16355,learned,0.4093606472015381,-0.1260964721441269,0.8471510410308838,0.5770663022994995,33.66801834106445
test,14434,decoder,0.026620477437973022,0.07098187506198883,1.0,0.46549710631370544,38.49560546875
test,14434,shared,0.6135064363479614,-0.029760360717773438,0.8057416677474976,0.5883224606513977,36.0775146484375
test,14434,diffmeans,0.003323175013065338,0.18400397896766663,0.8843777179718018,0.49291425943374634,38.5318489074707
test,14434,centred,0.036997146904468536,-1.4901161193847656e-08,0.9974775314331055,0.4634352922439575,38.787452697753906
test,14434,purified,9.313225746154785e-09,0.07486498355865479,0.9996455907821655,0.4654630124568939,38.42625427246094
test,14434,diffmeans_purified,1.862645149230957e-09,0.18448641896247864,0.8842941522598267,0.49294593930244446,38.5289306640625
test,14434,learned,0.523617684841156,-0.12503689527511597,0.7772344350814819,0.6127837896347046,36.23749923706055
test,8925,decoder,0.03546838089823723,0.04788350313901901,0.9999998807907104,0.5219804644584656,35.07685089111328
test,8925,shared,0.6179423928260803,-0.04780976474285126,0.8076460957527161,0.6193892359733582,32.40943145751953
test,8925,diffmeans,-0.024358130991458893,0.08396952599287033,0.9022206664085388,0.5159815549850464,37.69688415527344
test,8925,centred,0.04245409741997719,-1.0244548320770264e-08,0.9988529086112976,0.5210737586021423,35.14693832397461
test,8925,purified,-5.587935447692871e-09,0.053055282682180405,0.9993707537651062,0.5223325490951538,35.07338333129883
test,8925,diffmeans_purified,-5.587935447692871e-09,0.08046457916498184,0.9033526182174683,0.5150603652000427,37.672237396240234
test,8925,learned,0.24491871893405914,0.01207110658288002,0.8983843326568604,0.5401244759559631,35.1204948425293
test,23860,decoder,-0.04346489533782005,0.131342813372612,1.0,0.5130055546760559,38.28941345214844
test,23860,shared,0.5774028301239014,0.018541492521762848,0.7905911207199097,0.5898656249046326,33.84225082397461
test,23860,diffmeans,-0.09567511081695557,0.2326374650001526,0.8175405859947205,0.5354152917861938,40.600826263427734
test,23860,centred,-0.024650420993566513,-1.1175870895385742e-08,0.9913370609283447,0.5049847960472107,37.98122024536133
test,23860,purified,1.862645149230957e-09,0.1251642405986786,0.9990549683570862,0.5108033418655396,38.22176742553711
test,23860,diffmeans_purified,-2.2351741790771484e-08,0.21978497505187988,0.8171305656433105,0.529718279838562,40.501224517822266
test,23860,learned,0.38513830304145813,0.07731689512729645,0.8629514575004578,0.5842399597167969,34.76774978637695
test,5843,decoder,-0.041859835386276245,0.13558277487754822,1.000000238418579,0.39888960123062134,40.78572463989258
test,5843,shared,0.5782496929168701,0.02198883332312107,0.790939211845398,0.51313716173172,37.65570068359375
test,5843,diffmeans,-0.07398675382137299,0.22259151935577393,0.7302812337875366,0.43041688203811646,42.496036529541016
test,5843,centred,-0.02242463454604149,-2.60770320892334e-08,0.9907662272453308,0.3868551254272461,41.10136795043945
test,5843,purified,-3.725290298461914e-09,0.12963202595710754,0.9991236925125122,0.3965061902999878,40.87384033203125
test,5843,diffmeans_purified,-2.2351741790771484e-08,0.212455153465271,0.7291826009750366,0.4260825514793396,42.58740997314453
test,5843,learned,0.39625266194343567,0.015087876468896866,0.8452075123786926,0.4803934693336487,39.020606994628906
test,13094,decoder,0.042289454489946365,0.11159418523311615,1.0,0.4936700463294983,35.93579864501953
test,13094,shared,0.6213443279266357,0.0023053251206874847,0.8091129064559937,0.6216130256652832,32.010555267333984
test,13094,diffmeans,-0.0014546215534210205,0.1995701938867569,0.9354028701782227,0.5327436327934265,35.63916015625
test,13094,centred,0.0588238351047039,-9.778887033462524e-09,0.9937538504600525,0.48765283823013306,35.913997650146484
test,13094,purified,7.450580596923828e-09,0.1178261786699295,0.9991054534912109,0.49226027727127075,36.013389587402344
test,13094,diffmeans_purified,7.450580596923828e-09,0.19935965538024902,0.9354655146598816,0.532753586769104,35.63821029663086
test,13094,learned,0.5920255184173584,0.04314272850751877,0.796675443649292,0.615168035030365,32.27083206176758
test,7998,decoder,0.02932826429605484,-0.0807749405503273,0.9999999403953552,0.5126976370811462,35.8004035949707
test,7998,shared,0.6148667931556702,-0.14945435523986816,0.8063246607780457,0.6352781653404236,33.408233642578125
test,7998,diffmeans,0.014142759144306183,-0.1095312163233757,0.9431751370429993,0.5241042375564575,35.776641845703125
test,7998,centred,0.017683951184153557,2.3283064365386963e-09,0.9967324733734131,0.5101975202560425,35.57150650024414
test,7998,purified,7.450580596923828e-09,-0.07655900716781616,0.999569833278656,0.5116029977798462,35.76885223388672
test,7998,diffmeans_purified,-5.587935447692871e-09,-0.1074930727481842,0.9428547024726868,0.5236526131629944,35.775733947753906
test,7998,learned,0.2406069040298462,-0.03626064956188202,0.9102077484130859,0.5236830711364746,36.95677185058594
test,15503,decoder,0.07354087382555008,0.12934717535972595,1.0,0.4530532956123352,41.40481185913086
test,15503,shared,0.6367392539978027,0.015998899936676025,0.8158175349235535,0.57731032371521,36.88938903808594
test,15503,diffmeans,0.07062356919050217,0.1432957947254181,0.8442990779876709,0.45690247416496277,48.63371658325195
test,15503,centred,0.09306154400110245,-2.514570951461792e-08,0.9915993809700012,0.44176599383354187,41.609066009521484
test,15503,purified,1.862645149230957e-08,0.1403813660144806,0.9972922801971436,0.4537947177886963,41.38350296020508
test,15503,diffmeans_purified,1.1175870895385742e-08,0.15391157567501068,0.8412058353424072,0.4567764401435852,48.79085159301758
test,15503,learned,0.35115692019462585,0.20775379240512848,0.873096227645874,0.5483160018920898,38.085899353027344
test,4151,decoder,-0.020831307396292686,0.06033416837453842,1.0,0.5145889520645142,37.315120697021484
test,4151,shared,0.5892566442489624,-0.03904881328344345,0.7954956293106079,0.6114261746406555,34.8353271484375
test,4151,diffmeans,-0.04851631820201874,0.1200457364320755,0.8380290269851685,0.5294989347457886,37.782691955566406
test,4151,centred,-0.012112582102417946,-7.450580596923828e-09,0.9981781840324402,0.5130204558372498,37.46410369873047
test,4151,purified,0.0,0.0573287270963192,0.9997829794883728,0.5143452882766724,37.348388671875
test,4151,diffmeans_purified,7.450580596923828e-09,0.11315028369426727,0.8380051851272583,0.5281833410263062,37.80900955200195
test,4151,learned,-0.033591873943805695,0.06009310483932495,0.8965473771095276,0.5598737597465515,35.01316833496094
test,17590,decoder,0.01643218845129013,0.0038562826812267303,1.000000238418579,0.49410027265548706,38.72847366333008
test,17590,shared,0.6083660125732422,-0.08318516612052917,0.8035463094711304,0.611221969127655,33.37916564941406
test,17590,diffmeans,-0.018275132402777672,0.027500424534082413,0.6934002637863159,0.5471434593200684,39.602630615234375
test,17590,centred,0.016990985721349716,-1.4901161193847656e-08,0.9999926686286926,0.49415135383605957,38.710105895996094
test,17590,purified,3.259629011154175e-09,0.006237689405679703,0.9998650550842285,0.4939020574092865,38.77610397338867
test,17590,diffmeans_purified,-7.450580596923828e-09,0.024857014417648315,0.6938164234161377,0.5466015934944153,39.55891418457031
test,17590,learned,0.3208344578742981,-0.07020704448223114,0.9287073612213135,0.5324569940567017,35.936397552490234
test,835,decoder,0.005032874643802643,0.06410594284534454,0.9999998807907104,0.4559383988380432,40.029476165771484
test,835,shared,0.6025722622871399,-0.03555316850543022,0.8010867238044739,0.5915543437004089,35.19853210449219
test,835,diffmeans,-0.023769572377204895,0.16640233993530273,0.9219719171524048,0.4493769705295563,47.20017623901367
test,835,centred,0.014349590986967087,-1.30385160446167e-08,0.9979429244995117,0.4544221758842468,40.06241226196289
test,835,purified,-1.4901161193847656e-08,0.06483589112758636,0.9999873638153076,0.4558236300945282,40.03580856323242
test,835,diffmeans_purified,0.0,0.1630048155784607,0.922352135181427,0.44938981533050537,47.13885498046875
test,835,learned,0.6137667894363403,-0.16037769615650177,0.6674686074256897,0.6564231514930725,33.27962875366211
dev,24487,decoder,-0.00602313969284296,0.0388416089117527,1.0,0.49720096588134766,38.399017333984375
dev,24487,shared,0.5969096422195435,-0.05601261556148529,0.7986986041069031,0.596703827381134,34.077877044677734
dev,24487,diffmeans,-0.06171046942472458,0.1700553596019745,0.916254997253418,0.5120767951011658,37.25387954711914
dev,24487,centred,-0.00039633922278881073,9.313225746154785e-10,0.9992454051971436,0.4959026575088501,38.36026382446289
dev,24487,purified,-7.450580596923828e-09,0.03796970844268799,0.9999818801879883,0.4970776438713074,38.39168930053711
dev,24487,diffmeans_purified,-1.30385160446167e-08,0.16142280399799347,0.9176321625709534,0.508552610874176,37.2187385559082
dev,24487,learned,0.21736016869544983,0.06712783128023148,0.9295604228973389,0.5221534371376038,37.89802169799805
dev,10388,decoder,-0.007041763514280319,0.14004461467266083,1.000000238418579,0.432256281375885,37.344539642333984
dev,10388,shared,0.5963857173919678,0.025197302922606468,0.7984784841537476,0.5672292709350586,33.81291580200195
dev,10388,diffmeans,-0.03668023645877838,0.2606891393661499,0.7332000136375427,0.48660510778427124,40.71918487548828
dev,10388,centred,0.013378743082284927,-7.450580596923828e-09,0.9901452660560608,0.42159387469291687,37.47121047973633
dev,10388,purified,-3.725290298461914e-09,0.1390279084444046,0.999975323677063,0.4322897791862488,37.342220306396484
dev,10388,diffmeans_purified,0.0,0.2555471658706665,0.7334352731704712,0.4859834909439087,40.68517303466797
dev,10388,learned,0.31197404861450195,0.10807231068611145,0.8994194269180298,0.4936984181404114,35.50649642944336
dev,17242,decoder,-0.05924537032842636,0.11621791124343872,1.0000001192092896,0.4853394627571106,41.64302444458008
dev,17242,shared,0.5690221786499023,0.006230387836694717,0.7871657013893127,0.579362154006958,36.356712341308594
dev,17242,diffmeans,-0.09207446873188019,0.12704524397850037,0.8762751817703247,0.47136154770851135,42.78723907470703
dev,17242,centred,-0.04269786924123764,-9.313225746154785e-09,0.9932237863540649,0.48028498888015747,41.405704498291016
dev,17242,purified,7.450580596923828e-09,0.10782425105571747,0.998243510723114,0.4833282232284546,41.56077194213867
dev,17242,diffmeans_purified,-1.862645149230957e-08,0.1141912117600441,0.8745351433753967,0.4662719964981079,42.73057174682617
dev,17242,learned,-0.2262107878923416,0.25725609064102173,0.876319169998169,0.5944644808769226,40.616539001464844
dev,1171,decoder,0.06183385103940964,0.0336051881313324,0.9999998807907104,0.42388278245925903,37.8328971862793
dev,1171,shared,0.631008505821228,-0.058333173394203186,0.8133090734481812,0.579701840877533,33.08695602416992
dev,1171,diffmeans,0.060594603419303894,0.031466566026210785,0.8611984252929688,0.43360552191734314,39.198875427246094
dev,1171,centred,0.06674003601074219,1.862645149230957e-09,0.9994351863861084,0.4237051010131836,37.804290771484375
dev,1171,purified,1.0710209608078003e-08,0.042644843459129333,0.9980864524841309,0.42157867550849915,37.97353744506836
dev,1171,diffmeans_purified,2.2351741790771484e-08,0.04031916707754135,0.8590301275253296,0.43064063787460327,39.223960876464844
dev,1171,learned,0.6314396858215332,-0.012015063315629959,0.7623894214630127,0.6076038479804993,32.109161376953125
dev,8475,decoder,0.04396483674645424,0.13378576934337616,1.0,0.46580633521080017,36.54639434814453
dev,8475,shared,0.6221776008605957,0.019693605601787567,0.8094730377197266,0.6084809303283691,32.05353546142578
dev,8475,diffmeans,-0.010389044880867004,0.2716361880302429,0.8384207487106323,0.5312271118164062,37.54343032836914
dev,8475,centred,0.06392140686511993,-4.0978193283081055e-08,0.991010308265686,0.45547398924827576,36.68435287475586
dev,8475,purified,9.313225746154785e-09,0.14029072225093842,0.9990330338478088,0.4639100134372711,36.65871810913086
dev,8475,diffmeans_purified,7.450580596923828e-09,0.2701456546783447,0.8389227390289307,0.5312561988830566,37.5366325378418
dev,8475,learned,0.6548634767532349,-0.10793052613735199,0.7109467387199402,0.6593835353851318,30.60505485534668
dev,21592,decoder,0.0629824548959732,0.014208775013685226,1.0000001192092896,0.3969857096672058,40.269493103027344
dev,21592,shared,0.6315726041793823,-0.07337111234664917,0.8135554790496826,0.5405793190002441,37.585201263427734
dev,21592,diffmeans,0.058620039373636246,0.021611735224723816,0.9205029606819153,0.39989688992500305,48.78361892700195
dev,21592,centred,0.0650474801659584,-1.1175870895385742e-08,0.99989914894104,0.39651310443878174,40.35552978515625
dev,21592,purified,-4.656612873077393e-10,0.02337963879108429,0.9980146884918213,0.39773380756378174,40.060970306396484
dev,21592,diffmeans_purified,7.916241884231567e-09,0.030156061053276062,0.9183902740478516,0.39951369166374207,48.562583923339844
dev,21592,learned,0.3245370388031006,-0.07746176421642303,0.8999859690666199,0.469728946685791,43.168827056884766
test_r3,1344,decoder,0.027874834835529327,0.01438637264072895,1.0000001192092896,0.43920254707336426,38.25925827026367
test_r3,1344,shared,0.6141369342803955,-0.07442538440227509,0.8060117959976196,0.5834470987319946,32.916221618652344
test_r3,1344,diffmeans,-0.01635279692709446,0.1488700956106186,0.797235906124115,0.4575144648551941,39.544654846191406
test_r3,1344,centred,0.02996212989091873,-4.190951585769653e-09,0.9998966455459595,0.43924272060394287,38.209354400634766
test_r3,1344,purified,2.3283064365386963e-09,0.018431849777698517,0.9996113777160645,0.43846234679222107,38.347049713134766
test_r3,1344,diffmeans_purified,0.0,0.14652065932750702,0.7977983951568604,0.457925945520401,39.52859115600586
test_r3,1344,learned,0.4570924639701843,-0.03403077647089958,0.81223064661026,0.5756610035896301,34.429351806640625
test_r3,17102,decoder,0.007777851074934006,0.15724395215511322,0.9999999403953552,0.47476211190223694,39.25860595703125
test_r3,17102,shared,0.6039716005325317,0.03872712701559067,0.801679253578186,0.6230690479278564,34.351806640625
test_r3,17102,diffmeans,-0.025672171264886856,0.26244714856147766,0.8832076191902161,0.5401179790496826,38.93452453613281
test_r3,17102,centred,0.03094317577779293,-2.60770320892334e-08,0.9875597953796387,0.46425577998161316,39.666385650634766
test_r3,17102,purified,4.6566128730773926e-09,0.1583755612373352,0.9999697208404541,0.47426825761795044,39.27266311645508
test_r3,17102,diffmeans_purified,7.450580596923828e-09,0.2588132321834564,0.883698582649231,0.5407774448394775,38.89674377441406
test_r3,17102,learned,0.4044671654701233,0.20037579536437988,0.8612724542617798,0.5836077928543091,36.59597396850586
test_r3,15507,decoder,-0.0040416959673166275,-0.03731674700975418,1.0000001192092896,0.5428012609481812,34.928462982177734
test_r3,15507,shared,0.5979276895523071,-0.11700430512428284,0.7991268634796143,0.6223412752151489,31.994794845581055
test_r3,15507,diffmeans,-0.03904014080762863,-0.07975152879953384,0.8894003629684448,0.5552967190742493,35.63531494140625
test_r3,15507,centred,-0.009454460814595222,1.1175870895385742e-08,0.9993036389350891,0.5423340797424316,34.97880554199219
test_r3,15507,purified,-1.862645149230957e-09,-0.037902578711509705,0.9999918937683105,0.5426875948905945,34.9261474609375
test_r3,15507,diffmeans_purified,-5.587935447692871e-09,-0.08547254651784897,0.8899209499359131,0.553500235080719,35.58521270751953
test_r3,15507,learned,0.4318526089191437,-0.14845383167266846,0.8586083650588989,0.5984024405479431,33.1206169128418
test_r3,14891,decoder,0.023920206353068352,0.026183374226093292,1.0000001192092896,0.5068029761314392,38.07529067993164
test_r3,14891,shared,0.6121474504470825,-0.0652323067188263,0.8051600456237793,0.6176766157150269,35.531063079833984
test_r3,14891,diffmeans,0.013782445341348648,0.10870319604873657,0.8062863349914551,0.49635618925094604,40.926551818847656
test_r3,14891,centred,0.027722973376512527,-1.4901161193847656e-08,0.999657154083252,0.5065432190895081,38.176170349121094
test_r3,14891,purified,7.450580596923828e-09,0.029657237231731415,0.9997139573097229,0.5066111087799072,38.02511978149414
test_r3,14891,diffmeans_purified,7.450580596923828e-09,0.11071039736270905,0.806033194065094,0.4961162805557251,40.91807556152344
test_r3,14891,learned,0.4876015782356262,-0.16102343797683716,0.7905682921409607,0.6450527906417847,35.63533401489258
test_r3,4317,decoder,-0.017477799206972122,0.12062579393386841,1.0,0.4954366683959961,38.809391021728516
test_r3,4317,shared,0.5909967422485352,0.009658291935920715,0.7962213754653931,0.6128316521644592,33.27930450439453
test_r3,4317,diffmeans,-0.05353830009698868,0.25469279289245605,0.8437081575393677,0.5326812863349915,38.86455535888672
test_r3,4317,centred,-2.4139881134033203e-06,-1.30385160446167e-08,0.9926979541778564,0.490556001663208,38.53690719604492
test_r3,4317,purified,0.0,0.11811177432537079,0.9998472929000854,0.495717853307724,38.753841400146484
test_r3,4317,diffmeans_purified,-3.3527612686157227e-08,0.2472912222146988,0.8439828157424927,0.5323972702026367,38.717037200927734
test_r3,4317,learned,0.4862767457962036,0.03623151406645775,0.8081914782524109,0.6092681884765625,34.409400939941406
test_r3,23257,decoder,0.04678191989660263,-0.012236890383064747,0.9999998211860657,0.4769728481769562,35.19283676147461
test_r3,23257,shared,0.6235767006874084,-0.09461204707622528,0.8100783228874207,0.6160629987716675,31.554637908935547
test_r3,23257,diffmeans,0.047837670892477036,0.004873953759670258,0.9126570820808411,0.4972333014011383,37.33893585205078
test_r3,23257,centred,0.04501250386238098,-3.725290298461914e-09,0.9999251365661621,0.4768405258655548,35.22929763793945
test_r3,23257,purified,1.862645149230957e-09,-0.005465446971356869,0.9989050626754761,0.47490987181663513,35.27384948730469
test_r3,23257,diffmeans_purified,0.0,0.011817868798971176,0.911462664604187,0.4950672388076782,37.44078826904297
test_r3,23257,learned,0.5413269996643066,-0.08381233364343643,0.8196529746055603,0.6145212650299072,31.885875701904297
test_r3,15664,decoder,0.048391059041023254,0.049671463668346405,1.0,0.4970253109931946,35.75685119628906
test_r3,15664,shared,0.6243746280670166,-0.04612727835774422,0.8104240298271179,0.6226019263267517,32.03864669799805
test_r3,15664,diffmeans,0.0031244526617228985,0.14897683262825012,0.8145172595977783,0.5052685141563416,37.50738525390625
test_r3,15664,centred,0.055655814707279205,-1.1175870895385742e-08,0.9987655282020569,0.4966777563095093,35.69266128540039
test_r3,15664,purified,1.862645149230957e-08,0.05674849450588226,0.9988285303115845,0.4955470561981201,35.83133316040039
test_r3,15664,diffmeans_purified,-1.1175870895385742e-08,0.14943018555641174,0.8143699765205383,0.5052576661109924,37.50929260253906
test_r3,15664,learned,-0.05310199409723282,0.16527947783470154,0.9347057342529297,0.5435739159584045,35.48127365112305
test_r3,7848,decoder,0.02266276441514492,0.011605799198150635,1.0,0.5994621515274048,35.645450592041016
test_r3,7848,shared,0.6115138530731201,-0.07680805027484894,0.8048890829086304,0.6705664992332458,31.287826538085938
test_r3,7848,diffmeans,-0.003341975621879101,-0.07627249509096146,0.8708609342575073,0.6226166486740112,36.99748611450195
test_r3,7848,centred,0.024345770478248596,-7.916241884231567e-09,0.9999327659606934,0.5995882153511047,35.596473693847656
test_r3,7848,purified,-3.725290298461914e-09,0.014892837032675743,0.9997431635856628,0.5995743274688721,35.70951461791992
test_r3,7848,diffmeans_purified,6.51925802230835e-09,-0.07675707340240479,0.8709415793418884,0.6225955486297607,36.9856071472168
test_r3,7848,learned,0.02770504727959633,-0.035124462097883224,0.9573187232017517,0.5971556305885315,34.74818420410156
test_r3,6587,decoder,0.016524137929081917,0.009812155738472939,1.0,0.39301633834838867,38.20780944824219
test_r3,6587,shared,0.6084126234054565,-0.07845418155193329,0.803566038608551,0.5456037521362305,33.61639404296875
test_r3,6587,diffmeans,0.038259949535131454,0.07951231300830841,0.8380823135375977,0.45818501710891724,40.797508239746094
test_r3,6587,centred,0.0179465189576149,-5.587935447692871e-09,0.999951958656311,0.39295434951782227,38.18946838378906
test_r3,6587,purified,-1.862645149230957e-09,0.012207722291350365,0.9998635053634644,0.39285725355148315,38.237422943115234
test_r3,6587,diffmeans_purified,0.0,0.08511745929718018,0.8380637764930725,0.45711997151374817,40.86073303222656
test_r3,6587,learned,0.19569295644760132,-0.0065748244524002075,0.9235314130783081,0.43496495485305786,37.09113311767578
test_r3,359,decoder,0.10600917041301727,-0.19735437631607056,1.0000001192092896,0.5245691537857056,37.12853240966797
test_r3,359,shared,0.6524137258529663,-0.23322705924510956,0.8227543234825134,0.6929222345352173,31.989173889160156
test_r3,359,diffmeans,0.11378893256187439,-0.24530690908432007,0.8899253606796265,0.5029386281967163,38.09893798828125
test_r3,359,centred,0.07897106558084488,2.9802322387695312e-08,0.9803322553634644,0.4984925091266632,38.398834228515625
test_r3,359,purified,3.725290298461914e-09,-0.18302783370018005,0.9943650960922241,0.5085775256156921,37.49977493286133
test_r3,359,diffmeans_purified,5.029141902923584e-08,-0.23031790554523468,0.8836016654968262,0.48663797974586487,38.31988525390625
test_r3,359,learned,0.22363635897636414,-0.1835131198167801,0.9462069272994995,0.5572516322135925,35.91230010986328
test_r3,6911,decoder,0.03521035611629486,0.055318135768175125,0.9999998807907104,0.49108511209487915,37.221343994140625
test_r3,6911,shared,0.6178134083747864,-0.04196584224700928,0.8075904846191406,0.6216112375259399,33.68136215209961
test_r3,6911,diffmeans,0.007235832512378693,0.1725519299507141,0.8115291595458984,0.5313252210617065,39.06464767456055
test_r3,6911,centred,0.04329073801636696,-2.7939677238464355e-09,0.9984687566757202,0.4894888401031494,37.338687896728516
test_r3,6911,purified,3.725290298461914e-09,0.060456641018390656,0.9993798732757568,0.4897744357585907,37.23283004760742
test_r3,6911,diffmeans_purified,-1.4901161193847656e-08,0.17360471189022064,0.8112955689430237,0.5311546325683594,39.0650520324707
test_r3,6911,learned,0.5320437550544739,0.0038903802633285522,0.8304862976074219,0.5865976214408875,34.910526275634766
test_r3,4398,decoder,0.058470651507377625,0.050918854773044586,1.0,0.42684227228164673,39.75552749633789
test_r3,4398,shared,0.6293542385101318,-0.04494443163275719,0.8125877380371094,0.5781794190406799,34.27851104736328
test_r3,4398,diffmeans,0.011381544172763824,0.16286250948905945,0.8838967084884644,0.46426135301589966,41.83470916748047
test_r3,4398,centred,0.06593293696641922,-3.259629011154175e-09,0.998702883720398,0.42620745301246643,39.660404205322266
test_r3,4398,purified,7.450580596923828e-09,0.059491436928510666,0.9982891082763672,0.4250895380973816,39.904945373535156
test_r3,4398,diffmeans_purified,-1.862645149230957e-09,0.16452205181121826,0.8832883834838867,0.4641716182231903,41.8469352722168
test_r3,4398,learned,0.5873978137969971,0.02439706400036812,0.7821976542472839,0.60727858543396,34.41722106933594
