match_mode,arm,group,n_pairs,n_matched,n_skipped,skip_frac,n_features,mean_d_logppl,d_logppl_lo95,d_logppl_hi95,mean_d_keyword_hit,d_keyword_hit_lo95,d_keyword_hit_hi95,mean_d_rep4,d_rep4_lo95,d_rep4_hi95
rep4,antimanifold,all,96,91,5,0.052083333333333336,12,-0.9576275157510838,-1.510851337836384,-0.3400649609434352,-0.048443751717000924,-0.1244138989220651,0.02856286662563272,,,
rep4,antimanifold,c_n=0.0,12,12,0,0.0,12,0.0,0.0,0.0,0.0,0.0,0.0,,,
rep4,antimanifold,c_n=0.5,12,12,0,0.0,12,-0.18262202007357806,-0.2760998591572001,-0.09278228379754026,-0.17510118814466638,-0.25349792727510123,-0.09662814988901947,,,
rep4,antimanifold,c_n=1.0,12,11,1,0.08333333333333333,11,-1.1681781326759142,-1.4786899346036848,-0.8395892507252408,-0.3197722489483763,-0.5136583223539746,-0.13264005746835875,,,
rep4,antimanifold,c_n=1.5,12,12,0,0.0,12,-1.7449640571461031,-2.499252329608145,-0.8937793239514655,-0.14664103798101955,-0.3439062814725217,0.043096625355017855,,,
rep4,antimanifold,c_n=2.0,12,12,0,0.0,12,-1.8166781479911143,-2.719860819566317,-0.6627200318609764,-0.013464496371731874,-0.1341861003656392,0.1094392432983263,,,
rep4,antimanifold,c_n=3.0,12,12,0,0.0,12,-1.247237136099962,-2.220461176896909,-0.175911853038247,0.09515217535322244,0.03287865476578855,0.17572422224169604,,,
rep4,antimanifold,c_n=4.0,12,11,1,0.08333333333333333,11,-0.7754369635367927,-1.8855946891302962,0.3528317817382279,0.1022172250922944,0.0507830294991537,0.1631773855274103,,,
rep4,antimanifold,c_n=5.0,12,9,3,0.25,9,-0.6518135043644188,-1.7877285753744259,0.606457793680334,0.0961531579889068,0.02592592592592592,0.17622785829307558,,,
rep4,dirfix,all,96,82,14,0.14583333333333334,12,-1.315710203885077,-1.7584271273473833,-0.8149215142890522,0.1120614078666593,-0.01699795166713504,0.23882421826019087,,,
rep4,dirfix,c_n=0.0,12,12,0,0.0,12,-0.00032140811284401644,-0.0005562921365105019,-0.00011536545223670795,0.0,0.0,0.0,,,
rep4,dirfix,c_n=0.5,12,9,3,0.25,9,-0.7763968442494347,-1.5603202787541126,-0.20170729828698272,-0.001447203165046833,-0.12428290689349195,0.08658658658658668,,,
rep4,dirfix,c_n=1.0,12,10,2,0.16666666666666666,10,-1.3238630611556237,-2.140096848609836,-0.46792449157926974,-0.07713340779399408,-0.3,0.1262115940675224,,,
rep4,dirfix,c_n=1.5,12,11,1,0.08333333333333333,11,-2.064026677362021,-2.882944706368972,-1.2196877175554584,0.022883764511925794,-0.2360546494263427,0.3007846361380741,,,
rep4,dirfix,c_n=2.0,12,11,1,0.08333333333333333,11,-2.2556742271678365,-3.2682870287109504,-1.2964834130406662,0.17165641570985532,-0.015129192086768618,0.3781272945524675,,,
rep4,dirfix,c_n=3.0,12,11,1,0.08333333333333333,11,-1.6312477058186183,-2.458021333370696,-0.816229736264674,0.3090714777697465,0.12315547517923633,0.5375641569894463,,,
rep4,dirfix,c_n=4.0,12,9,3,0.25,9,-1.411867014167681,-2.2567432111010013,-0.6355160703597104,0.2242860270878672,0.10088559272537555,0.3608640615958556,,,
rep4,dirfix,c_n=5.0,12,9,3,0.25,9,-1.0545488633420756,-1.9050107222422485,-0.2662537988761344,0.2683435410882018,0.1111111111111111,0.43680682777822966,,,
rep4,residual,all,96,90,6,0.0625,12,-0.7188568212527047,-1.228219834505452,-0.14187113628423192,0.0869568229750829,-0.023819495670904627,0.20346747920194763,,,
rep4,residual,c_n=0.0,12,12,0,0.0,12,-0.00021838744481417205,-0.0004244301054214435,-5.7683388392182344e-05,0.0,0.0,0.0,,,
rep4,residual,c_n=0.5,12,11,1,0.08333333333333333,11,0.04565956939867435,-0.13940211777447642,0.304463186795922,0.010592806244980168,-0.09808582297712733,0.14481223318179837,,,
rep4,residual,c_n=1.0,12,10,2,0.16666666666666666,10,-0.8380360634418624,-1.177297284543514,-0.4973897649476015,-0.13731255453665883,-0.31731868951416964,0.03122102318145482,,,
rep4,residual,c_n=1.5,12,12,0,0.0,12,-1.4102779865766228,-2.0909074217751145,-0.5723621454155589,-0.003947934055620332,-0.2110598962857612,0.20071506801434436,,,
rep4,residual,c_n=2.0,12,12,0,0.0,12,-1.5255831697113662,-2.3781470618570526,-0.5215059403403621,0.11902290372757039,-0.01617259956796253,0.26165141574919143,,,
rep4,residual,c_n=3.0,12,12,0,0.0,12,-0.9606812627015403,-1.8538640880812014,-0.05017063170850679,0.22770897514184782,0.0808856663520778,0.3939033003424859,,,
rep4,residual,c_n=4.0,12,11,1,0.08333333333333333,11,-0.6390634411854671,-1.6337089327527714,0.4278390131629722,0.2284517535895836,0.08913653839948527,0.39336880576280536,,,
rep4,residual,c_n=5.0,12,10,2,0.16666666666666666,10,-0.3028181011457947,-1.3402986635245657,0.8284865881987314,0.24563421171782746,0.09946594686803724,0.41939261825131385,,,
rep4,shared,all,96,71,25,0.2604166666666667,12,-1.6322445040608045,-2.019552312886727,-1.1563261870790662,0.12385464831947864,-0.028245914552689436,0.2605543869501274,,,
rep4,shared,c_n=0.0,12,12,0,0.0,12,-0.00010302133030363574,-0.0003090639909109072,0.0,0.0,0.0,0.0,,,
rep4,shared,c_n=0.5,12,7,5,0.4166666666666667,7,-0.7857979063005577,-1.429361387107845,-0.4030310880312912,-0.008292503029345146,-0.15339324286692707,0.0856585909217488,,,
rep4,shared,c_n=1.0,12,8,4,0.3333333333333333,8,-1.6844228460891706,-2.380512587496528,-1.1480824660190339,-0.018826867701591088,-0.34805689061694367,0.26449227685688126,,,
rep4,shared,c_n=1.5,12,9,3,0.25,9,-2.678161875225716,-3.3800876021542914,-2.0050961719149423,-0.05247909211362208,-0.34779985166887833,0.24066529767747052,,,
rep4,shared,c_n=2.0,12,9,3,0.25,9,-2.8859231755801122,-3.8293182071361183,-1.9694760972366978,0.20465731848938307,-0.04382354819753795,0.48153087924312493,,,
rep4,shared,c_n=3.0,12,8,4,0.3333333333333333,8,-2.433443169738822,-3.1205508640070074,-1.6167867586580478,0.30618138849379467,0.09918592758538515,0.5163477864601876,,,
rep4,shared,c_n=4.0,12,9,3,0.25,9,-1.6845521550156533,-2.4132710658897354,-0.9634505032112659,0.2853202678848701,0.10119757099505049,0.5252050970033948,,,
rep4,shared,c_n=5.0,12,9,3,0.25,9,-1.3563194676924748,-2.115947419007766,-0.6511192696739281,0.29060054857834366,0.10771021789432941,0.5016985686162329,,,
rep4,shared_only,all,96,65,31,0.3229166666666667,12,1.3590865991641923,-0.32817979959048676,2.895628448021778,-0.1537319175247925,-0.24560420638240876,-0.08045374877870642,,,
rep4,shared_only,c_n=0.0,12,12,0,0.0,12,-0.0002884136305917699,-0.00034609635671012384,-0.0002018895414142389,0.0,0.0,0.0,,,
rep4,shared_only,c_n=0.5,12,7,5,0.4166666666666667,7,3.645652942996363,1.9570722024764307,4.817550778713718,-0.3238095238095238,-0.5047619047619047,-0.14273809523809589,,,
rep4,shared_only,c_n=1.0,12,8,4,0.3333333333333333,8,1.6156569249408979,-0.1637851120646513,3.320229000446254,-0.37083333333333335,-0.5792708333333334,-0.1875,,,
rep4,shared_only,c_n=1.5,12,8,4,0.3333333333333333,8,1.1676309300649401,-0.8768244516582498,3.361718191444097,-0.27522875134081276,-0.4875,-0.125,,,
rep4,shared_only,c_n=2.0,12,9,3,0.25,9,0.6738322950503545,-1.249066106656765,2.8500014092152535,-0.1546352923497593,-0.29911160403987364,-0.039463041769529986,,,
rep4,shared_only,c_n=3.0,12,7,5,0.4166666666666667,7,1.266846432106932,-1.160798816575493,3.9594727666037404,-0.06902123526699896,-0.13328056577209318,-0.011705178995180806,,,
rep4,shared_only,c_n=4.0,12,7,5,0.4166666666666667,7,1.5885856982565978,-0.7655662420879495,4.418087362441152,-0.048263662591278504,-0.083546139187336,-0.009561370981503602,,,
rep4,shared_only,c_n=5.0,12,7,5,0.4166666666666667,7,2.0722429857457785,-0.12903778343548136,4.301966612889024,-0.049242768413700136,-0.11277125111311455,-0.006385625556557277,,,
keyword_hit,antimanifold,all,96,91,5,0.052083333333333336,12,-0.7991305870521234,-1.3326700163922272,-0.19758848187317754,,,,-0.04519765668940897,-0.13010700967412034,0.00021492679115579455
keyword_hit,antimanifold,c_n=0.0,12,12,0,0.0,12,0.0,0.0,0.0,,,,0.0,0.0,0.0
keyword_hit,antimanifold,c_n=0.5,12,11,1,0.08333333333333333,11,-0.07081117226928768,-0.25171398413682855,0.11464192034684771,,,,0.0032496728962570025,0.0009168927080784324,0.006597155770284046
keyword_hit,antimanifold,c_n=1.0,12,10,2,0.16666666666666666,10,-0.45533378908063604,-1.1051138200106017,0.13323380293250053,,,,-0.0028907269350865925,-0.010660171304540911,0.0015363864099770949
keyword_hit,antimanifold,c_n=1.5,12,11,1,0.08333333333333333,11,-1.4511711056555396,-2.2119899450234777,-0.5463389606629302,,,,-0.03306095331290951,-0.10391755926346809,0.004167764795233248
keyword_hit,antimanifold,c_n=2.0,12,12,0,0.0,12,-1.8272832333842886,-2.7037743188923202,-0.8021090838694618,,,,-0.07999646287688457,-0.22061991738776868,0.0020833898510618275
keyword_hit,antimanifold,c_n=3.0,12,12,0,0.0,12,-1.1368213505659375,-2.0944491411878463,-0.11035098507464125,,,,-0.05989365722101534,-0.20105444047279672,0.020841940239320546
keyword_hit,antimanifold,c_n=4.0,12,12,0,0.0,12,-0.8302815179306048,-1.9401323045852283,0.22080707299350488,,,,-0.07892588942590517,-0.22784006276180901,0.0006407076600662016
keyword_hit,antimanifold,c_n=5.0,12,11,1,0.08333333333333333,11,-0.5357370228357987,-1.5643385673348948,0.6108505911989638,,,,-0.1027602991378648,-0.27842662245879346,-0.0008272326583839235
keyword_hit,dirfix,all,96,91,5,0.052083333333333336,12,-0.9432254286984015,-1.507024441438471,-0.2568205990909099,,,,-0.046550725788896234,-0.1368094063191767,0.009480771318066128
keyword_hit,dirfix,c_n=0.0,12,12,0,0.0,12,-0.00032140811284401644,-0.0005562921365105019,-0.00011536545223670795,,,,0.0,0.0,0.0
keyword_hit,dirfix,c_n=0.5,12,12,0,0.0,12,-0.14371435159692494,-0.40457427607910007,0.279419758674894,,,,0.005280528659302786,0.0019500956352655903,0.009388817351319667
keyword_hit,dirfix,c_n=1.0,12,10,2,0.16666666666666666,10,-1.176981931720477,-1.4274549980486553,-0.9084946879483424,,,,0.017604467021633676,0.003993427368490888,0.034834441180767395
keyword_hit,dirfix,c_n=1.5,12,12,0,0.0,12,-1.7274311584358282,-2.38736135721802,-0.9285626057675065,,,,-0.01804442245705289,-0.08813483347958796,0.024477846095219243
keyword_hit,dirfix,c_n=2.0,12,12,0,0.0,12,-1.836340283236116,-2.8410106293138004,-0.7077007600411799,,,,-0.07247293761434197,-0.20217830779079082,0.012170239470117576
keyword_hit,dirfix,c_n=3.0,12,11,1,0.08333333333333333,11,-1.4378486372537849,-2.628702894826763,-0.20630681256164266,,,,-0.08856418490658374,-0.23967055208092594,0.007926863150462442
keyword_hit,dirfix,c_n=4.0,12,11,1,0.08333333333333333,11,-0.7985520078289561,-1.9290986437128734,0.367692930893102,,,,-0.10438506331293343,-0.2672477691259981,0.00683394623051802
keyword_hit,dirfix,c_n=5.0,12,11,1,0.08333333333333333,11,-0.4517819256235511,-1.553911677450587,0.6796014705526084,,,,-0.11517063724055458,-0.29383278444439065,0.006005319925935778
keyword_hit,residual,all,96,89,7,0.07291666666666667,12,-0.5405389933989487,-1.189887654669885,0.19406594132047125,,,,-0.047606454470372074,-0.14128778474683798,0.0009001409565874702
keyword_hit,residual,c_n=0.0,12,12,0,0.0,12,-0.00021838744481417205,-0.0004368774261742046,-5.7683388392182344e-05,,,,0.0,0.0,0.0
keyword_hit,residual,c_n=0.5,12,9,3,0.25,9,0.18023203301204932,-0.18520501160713507,0.648364353202935,,,,0.0029323607646354155,0.0005545699119529529,0.0057985188800650555
keyword_hit,residual,c_n=1.0,12,10,2,0.16666666666666666,10,-0.2762059501831791,-0.6678966163727101,0.11398455410362908,,,,0.0016764483329894033,-0.0011888610482076914,0.005179575168375374
keyword_hit,residual,c_n=1.5,12,11,1,0.08333333333333333,11,-1.2068998504972865,-2.0213588594908485,-0.20602729182749277,,,,-0.03388305998027284,-0.10371529150089048,0.002193359589017338
keyword_hit,residual,c_n=2.0,12,12,0,0.0,12,-1.416792812285231,-2.40429510913377,-0.1971837546230818,,,,-0.07973081207025352,-0.22122620078037744,0.0025509344978996095
keyword_hit,residual,c_n=3.0,12,11,1,0.08333333333333333,11,-1.0548823010397383,-2.1842869389725665,0.28429677777346873,,,,-0.07034171798966561,-0.21984932635636226,0.0064538825642962835
keyword_hit,residual,c_n=4.0,12,12,0,0.0,12,-0.40468906310639113,-1.5991157996323773,0.8231610583672232,,,,-0.0831003944145193,-0.23478612969527501,-0.00042429297175185834
keyword_hit,residual,c_n=5.0,12,12,0,0.0,12,-0.01899936556988117,-1.2267955510217217,1.2127651153311847,,,,-0.09830692854901091,-0.26632107390410537,-0.0023080932501574887
keyword_hit,shared,all,96,90,6,0.0625,12,-1.4297117013654634,-1.9499063860650943,-0.8021387825356605,,,,0.05596371806689818,-0.06916180822438317,0.19033739780721753
keyword_hit,shared,c_n=0.0,12,12,0,0.0,12,-0.00010302133030363574,-0.0003090639909109072,0.0,,,,0.0,0.0,0.0
keyword_hit,shared,c_n=0.5,12,12,0,0.0,12,-0.6311508088274066,-0.91592348501441,-0.4083243289078853,,,,0.08910860437071037,0.005426910963525082,0.2302973118012469
keyword_hit,shared,c_n=1.0,12,12,0,0.0,12,-1.6637831180720861,-1.9613142766849685,-1.3961591124290684,,,,0.15139474840809705,0.049331104214662934,0.28723224711306966
keyword_hit,shared,c_n=1.5,12,12,0,0.0,12,-2.2086433023518754,-2.856697921015654,-1.3968383575205117,,,,0.08580310757633879,-0.04535871396075391,0.23260655133588062
keyword_hit,shared,c_n=2.0,12,12,0,0.0,12,-2.2956347927015637,-3.184978652780045,-1.262194280197027,,,,0.020960493021113764,-0.1564872610242495,0.2033330526793886
keyword_hit,shared,c_n=3.0,12,10,2,0.16666666666666666,10,-2.150462886757321,-3.224671525796254,-0.8291984519826049,,,,0.03724265445814956,-0.2040226226707176,0.26993556811661557
keyword_hit,shared,c_n=4.0,12,10,2,0.16666666666666666,10,-1.475156586595944,-2.519063819828488,-0.2222199400862059,,,,0.028353486379970382,-0.23610591647148488,0.26232514099118903
keyword_hit,shared,c_n=5.0,12,10,2,0.16666666666666666,10,-1.0826077869960238,-2.1488873463656217,0.07683534864655543,,,,0.021356977712451663,-0.25546083895476873,0.28297929341004724
keyword_hit,shared_only,all,96,55,41,0.4270833333333333,12,-1.1427963662704432,-1.9559310143435322,-0.2185580418185348,,,,0.0389110656708293,-0.17423031607981118,0.22848106642193475
keyword_hit,shared_only,c_n=0.0,12,12,0,0.0,12,-0.0002884136305917699,-0.00034609635671012384,-0.0002018895414142389,,,,0.0,0.0,0.0
keyword_hit,shared_only,c_n=0.5,12,4,8,0.6666666666666666,4,-0.7341086802383264,-1.4442197076976302,-0.322827629248301,,,,0.049148236182446715,0.004349415204678361,0.13805143369353898
keyword_hit,shared_only,c_n=1.0,12,2,10,0.8333333333333334,2,-2.9720991544425486,-3.0646655753254888,-2.879532733559609,,,,0.4125807341990623,0.09544463791766422,0.7297168304804604
keyword_hit,shared_only,c_n=1.5,12,3,9,0.75,3,-2.704831400016944,-3.96116347660621,-0.4603365510702133,,,,0.33154612755940144,0.09544463791766422,0.7297168304804605
keyword_hit,shared_only,c_n=2.0,12,6,6,0.5,6,-1.8205204395094405,-3.3834694431546253,-0.09913874764409933,,,,0.012562097624525459,-0.34081411925221006,0.3545310691838732
keyword_hit,shared_only,c_n=3.0,12,9,3,0.25,9,-1.9754904770188864,-3.2504745246801114,-0.6354109471318905,,,,0.03456717204306448,-0.24362519274378733,0.2746575145968204
keyword_hit,shared_only,c_n=4.0,12,9,3,0.25,9,-1.086526021692488,-2.321614663943097,0.28686117171137326,,,,-0.010596206096090334,-0.28047321662648783,0.24883766487471531
keyword_hit,shared_only,c_n=5.0,12,10,2,0.16666666666666666,10,-0.7373940825959048,-1.775153890398642,0.41390407490606074,,,,-0.016739546318042385,-0.2852012661659771,0.2476570320150727
