feature,c,arm,total_energy,bin0,bin1,bin2,bin3,bin4,bin5,bin6,bin7,bin8,bin9,bin10,bin11,bin12,bin13,bin14,bin15
3272,1.0,naive,3675.78369140625,679.9786987304688,652.2703857421875,729.0100708007812,449.856201171875,434.7087707519531,209.87893676757812,139.884033203125,97.41067504882812,80.81649017333984,46.125343322753906,44.68744659423828,22.931354522705078,25.98480796813965,24.199575424194336,17.68610954284668,20.354726791381836
3272,1.0,denoise_naive,1958.5711669921875,437.19720458984375,320.22698974609375,292.8596496582031,188.72994995117188,166.14361572265625,102.83467102050781,82.30586242675781,69.64759826660156,58.77525329589844,48.38402557373047,43.565223693847656,36.139732360839844,34.456947326660156,29.995384216308594,25.50721549987793,21.801864624023438
3272,1.0,cds,4669.7041015625,1065.32958984375,829.572509765625,814.7128295898438,501.1581726074219,451.40496826171875,240.04376220703125,174.18014526367188,134.5199737548828,108.52565002441406,76.45553588867188,68.8890380859375,48.461158752441406,48.578365325927734,41.76963424682617,33.39830780029297,32.70463562011719
3272,1.0,mts,12801.5234375,12058.4609375,336.5499267578125,210.66693115234375,87.85343933105469,60.217281341552734,22.83780288696289,11.225107192993164,5.801226615905762,3.6175990104675293,1.5963599681854248,1.2203266620635986,0.491557240486145,0.43615972995758057,0.3095209300518036,0.16815587878227234,0.07081898301839828
3272,2.0,naive,14703.134765625,2719.914794921875,2609.08154296875,2916.040283203125,1799.4248046875,1738.8350830078125,839.5157470703125,559.5361328125,389.6427307128906,323.2659606933594,184.50137329101562,178.74978637695312,91.72541046142578,103.93922424316406,96.79830169677734,70.74443817138672,81.41889953613281
3272,2.0,denoise_naive,3945.40283203125,1134.388427734375,651.0751953125,503.45587158203125,327.6500244140625,269.6773376464844,184.62454223632812,152.52664184570312,133.35101318359375,112.93634033203125,96.21533203125,84.76177215576172,71.85600280761719,67.3448715209961,58.2360954284668,48.63018035888672,48.67329406738281
3272,2.0,cds,17377.85546875,4329.244140625,3189.1064453125,3079.304443359375,1845.0970458984375,1641.208984375,837.9122314453125,588.7625732421875,445.1348876953125,353.01202392578125,233.0706787109375,211.7064208984375,137.8297576904297,143.6139373779297,123.46553039550781,95.09349822998047,124.29380798339844
3272,2.0,mts,51206.09765625,48233.84375,1346.19970703125,842.6676025390625,351.41375732421875,240.869140625,91.35121154785156,44.900421142578125,23.20490837097168,14.47039794921875,6.385441780090332,4.8813066482543945,1.9662288427352905,1.74463951587677,1.238084077835083,0.6726239919662476,0.2832760512828827
16355,1.0,naive,1590.4219970703125,228.8281707763672,203.07510375976562,241.60060119628906,126.81077575683594,139.35855102539062,109.415771484375,125.21781921386719,91.20530700683594,66.88494873046875,61.729652404785156,49.76763916015625,48.192649841308594,33.67878341674805,24.886762619018555,22.213481903076172,17.555999755859375
16355,1.0,denoise_naive,1035.5595703125,156.11614990234375,127.50335693359375,139.98068237304688,84.87872314453125,85.63591003417969,68.5508041381836,74.76176452636719,59.063690185546875,46.166290283203125,41.50043487548828,35.02040481567383,32.6536979675293,27.865310668945312,21.983379364013672,19.253938674926758,14.625077247619629
16355,1.0,cds,2007.837646484375,332.92962646484375,263.2930908203125,291.55694580078125,164.66552734375,168.85699462890625,131.83627319335938,146.53067016601562,110.63330078125,82.46540832519531,73.90234375,59.62160873413086,55.833404541015625,44.07533264160156,32.667442321777344,28.287456512451172,20.682209014892578
16355,1.0,mts,5544.26953125,4977.94140625,240.94036865234375,152.01747131347656,55.73231506347656,42.36958312988281,24.90599822998047,20.2255859375,11.605400085449219,6.3968915939331055,4.577788352966309,2.8849897384643555,2.189394950866699,1.1840696334838867,0.6739905476570129,0.455066442489624,0.16831833124160767
16355,2.0,naive,6361.68798828125,915.3126831054688,812.3004760742188,966.4024047851562,507.2431335449219,557.4342041015625,437.6630859375,500.87127685546875,364.82122802734375,267.539794921875,246.9185791015625,199.070556640625,192.77061462402344,134.71514892578125,99.54704284667969,88.85392761230469,70.2239990234375
16355,2.0,denoise_naive,2476.310546875,459.2149963378906,325.99127197265625,329.1551208496094,207.309814453125,196.07546997070312,154.99600219726562,161.43077087402344,130.10568237304688,101.70783233642578,87.57225036621094,73.72763061523438,67.7300033569336,61.56224822998047,47.7337646484375,40.269527435302734,31.72808074951172
16355,2.0,cds,7749.71630859375,1365.12744140625,1052.0458984375,1153.373779296875,636.93701171875,648.3429565429688,496.63287353515625,552.1719360351562,414.93975830078125,303.6177978515625,266.5049133300781,212.50762939453125,198.42514038085938,159.5277099609375,114.77581024169922,97.34962463378906,77.43614196777344
16355,2.0,mts,22177.078125,19911.767578125,963.7614135742188,608.0699462890625,222.92922973632812,169.47833251953125,99.62399291992188,80.90235900878906,46.421600341796875,25.58756446838379,18.31114959716797,11.539960861206055,8.757579803466797,4.7362775802612305,2.6959614753723145,1.8202662467956543,0.6732732057571411
14434,1.0,naive,2149.2548828125,379.361083984375,281.51165771484375,330.693603515625,273.10418701171875,205.00262451171875,160.85958862304688,160.76657104492188,95.80532836914062,60.44479751586914,51.164398193359375,44.74310302734375,30.624713897705078,26.90766716003418,17.776803970336914,16.638891220092773,13.849945068359375
14434,1.0,denoise_naive,1214.102783203125,205.89027404785156,149.478515625,157.454345703125,131.6688995361328,106.08004760742188,85.85369873046875,83.26113891601562,60.51267623901367,44.81017303466797,39.337921142578125,36.609039306640625,29.081897735595703,25.556964874267578,22.97675323486328,19.741748809814453,15.788626670837402
14434,1.0,cds,2716.47119140625,518.1329345703125,359.9067687988281,389.4212646484375,317.9806823730469,245.9056396484375,192.96188354492188,188.54388427734375,123.29963684082031,82.3430404663086,69.74751281738281,63.429988861083984,45.505462646484375,38.503055572509766,31.836828231811523,27.08545684814453,21.86701202392578
14434,1.0,mts,10104.75,9611.0390625,212.64370727539062,120.42835998535156,69.53803253173828,37.43907928466797,21.350341796875,15.725805282592773,7.271259307861328,3.5204358100891113,2.2878365516662598,1.5496950149536133,0.8108310699462891,0.5698671340942383,0.2852489948272705,0.2034078687429428,0.08654440939426422
14434,2.0,naive,8597.01953125,1517.4442138671875,1126.046630859375,1322.7744140625,1092.4166259765625,820.010498046875,643.4384155273438,643.0662841796875,383.2213134765625,241.77919006347656,204.6575927734375,178.972412109375,122.49885559082031,107.63066101074219,71.10720825195312,66.5555648803711,55.3997688293457
14434,2.0,denoise_naive,2609.90234375,542.6707763671875,333.92657470703125,318.57318115234375,260.41998291015625,212.43353271484375,169.6661376953125,159.44686889648438,123.58443450927734,94.37702941894531,81.40757751464844,74.7967758178711,60.602378845214844,53.094303131103516,50.14712142944336,40.94608688354492,33.809417724609375
14434,2.0,cds,10314.96875,2124.487548828125,1397.5126953125,1501.8955078125,1212.009521484375,925.740478515625,713.054931640625,697.0574340820312,447.53155517578125,289.2303161621094,239.9630126953125,217.6549530029297,151.2375030517578,126.24479675292969,105.71662139892578,87.04191589355469,78.58985900878906
14434,2.0,mts,40419.0,38444.15625,850.5748291015625,481.71343994140625,278.15216064453125,149.75631713867188,85.4013671875,62.903221130371094,29.085037231445312,14.081742286682129,9.151345252990723,6.198780059814453,3.2433245182037354,2.279468536376953,1.1409960985183716,0.8136315941810608,0.3461776375770569
8925,1.0,naive,1792.40087890625,334.80615234375,314.0632019042969,175.80430603027344,209.46188354492188,163.88938903808594,124.06845092773438,101.27832794189453,103.57782745361328,62.92616271972656,65.1820068359375,41.303466796875,20.452632904052734,22.420875549316406,19.409400939941406,16.591875076293945,17.16497039794922
8925,1.0,denoise_naive,1209.32275390625,256.7559814453125,192.10165405273438,105.09725952148438,122.33525085449219,99.721923828125,79.89388275146484,66.55145263671875,60.936485290527344,45.10332489013672,43.78620910644531,34.41847610473633,23.607038497924805,23.14935874938965,20.45067024230957,18.692859649658203,16.720991134643555
8925,1.0,cds,2239.94384765625,502.5863952636719,384.20135498046875,205.42550659179688,238.818359375,189.49041748046875,147.30538940429688,119.4810791015625,111.60584259033203,75.78573608398438,74.49156188964844,53.46369171142578,31.394512176513672,31.60427474975586,27.092952728271484,24.40962028503418,22.78717041015625
8925,1.0,mts,7212.3046875,6820.8369140625,207.49685668945312,63.968650817871094,49.4083366394043,28.43336296081543,15.872137069702148,9.780723571777344,7.325211048126221,3.5091540813446045,2.7610602378845215,1.3703840970993042,0.5189404487609863,0.4537199139595032,0.28787457942962646,0.18750080466270447,0.09466183930635452
8925,2.0,naive,7169.60400390625,1339.224609375,1256.252685546875,703.21728515625,837.8475341796875,655.5575561523438,496.2738037109375,405.1133117675781,414.31134033203125,251.70465087890625,260.7279968261719,165.2138671875,81.81053924560547,89.68350219726562,77.63760375976562,66.36750030517578,68.65987396240234
8925,2.0,denoise_naive,2962.87353515625,787.755126953125,472.93975830078125,244.8022003173828,278.4599914550781,224.6849365234375,180.78143310546875,149.8790740966797,127.34183502197266,98.73612976074219,91.45146179199219,75.89176177978516,53.26144027709961,50.22853088378906,45.047576904296875,40.94055938720703,40.67176818847656
8925,2.0,cds,8672.783203125,2145.44873046875,1525.6259765625,771.6719970703125,913.95703125,717.0588989257812,551.891845703125,442.96990966796875,403.3148193359375,271.5089111328125,263.8273620605469,189.62860107421875,104.9986801147461,106.11406707763672,91.28433990478516,82.87303161621094,90.60867309570312
8925,2.0,mts,28849.220703125,27283.34765625,829.9874267578125,255.87460327148438,197.63336181640625,113.73345184326172,63.488548278808594,39.122894287109375,29.30084228515625,14.036617279052734,11.044242858886719,5.481537342071533,2.075761556625366,1.8148791790008545,1.1514983177185059,0.7500033378601074,0.3786473572254181
23860,1.0,naive,1442.726318359375,319.07342529296875,183.75531005859375,205.54971313476562,133.13153076171875,146.53729248046875,121.63668060302734,54.310951232910156,76.39283752441406,48.0509033203125,35.894317626953125,24.972721099853516,22.99243927001953,20.68687629699707,19.69501304626465,16.892024993896484,13.154288291931152
23860,1.0,denoise_naive,964.9006958007812,204.74917602539062,115.97689819335938,113.74429321289062,84.32852172851562,82.45365905761719,73.85829162597656,44.9154052734375,49.496055603027344,37.8309440612793,31.585205078125,27.06954002380371,23.97125244140625,22.031097412109375,20.08782196044922,17.69320297241211,15.109383583068848
23860,1.0,cds,1863.2763671875,443.9913024902344,242.59365844726562,240.9459228515625,167.69424438476562,167.78286743164062,145.48477172851562,76.5618667602539,90.84651184082031,63.13999938964844,49.20683288574219,38.9656982421875,33.77704620361328,30.495285034179688,27.791053771972656,24.019433975219727,19.97998809814453
23860,1.0,mts,7119.4794921875,7013.7841796875,46.468605041503906,26.408245086669922,11.69290828704834,9.077692985534668,5.760797500610352,1.8984616994857788,2.004441499710083,0.9539823532104492,0.5585068464279175,0.30021342635154724,0.2163521945476532,0.1522516906261444,0.10868994891643524,0.07036317884922028,0.023159991949796677
23860,2.0,naive,5770.90478515625,1276.29345703125,735.021240234375,822.1988525390625,532.526123046875,586.149169921875,486.5467529296875,217.2438201904297,305.5713806152344,192.20361328125,143.5772705078125,99.89088439941406,91.96975708007812,82.74750518798828,78.78005981445312,67.56809997558594,52.61715316772461
23860,2.0,denoise_naive,2378.610595703125,633.3292236328125,294.27349853515625,259.21356201171875,200.69717407226562,177.00238037109375,161.87400817871094,106.64873504638672,106.90171813964844,84.40300750732422,71.8466796875,62.26404571533203,52.99859619140625,48.5579948425293,43.43632507324219,37.405677795410156,37.757911682128906
23860,2.0,cds,7176.38232421875,1930.3128662109375,945.4305419921875,916.1380004882812,636.0679931640625,616.6508178710938,538.6749267578125,272.9208984375,324.6946716308594,222.04873657226562,171.31256103515625,134.2062530517578,112.77510833740234,102.30674743652344,93.22395324707031,79.96690368652344,79.65138244628906
23860,2.0,mts,28477.91796875,28055.13671875,185.87442016601562,105.63299560546875,46.771629333496094,36.310768127441406,23.04318618774414,7.593845367431641,8.017766952514648,3.8159284591674805,2.23402738571167,1.2008531093597412,0.8654085397720337,0.6090064644813538,0.4347599148750305,0.2814527750015259,0.0926399901509285
5843,1.0,naive,294.4944152832031,52.443748474121094,35.96543884277344,31.40606689453125,28.21561050415039,24.26120376586914,17.088665008544922,20.176795959472656,18.938858032226562,11.218870162963867,9.1253662109375,13.107169151306152,7.576889991760254,7.978446960449219,6.994518756866455,5.799234390258789,4.19753360748291
5843,1.0,denoise_naive,291.5067138671875,48.110198974609375,32.114498138427734,27.441940307617188,25.273128509521484,22.510547637939453,17.371612548828125,19.096073150634766,18.123552322387695,13.276683807373047,11.796456336975098,13.550153732299805,9.767066955566406,10.069230079650879,8.921199798583984,7.897881031036377,6.186513900756836
5843,1.0,cds,373.6960754394531,69.9128646850586,45.79351806640625,38.3075065612793,34.585731506347656,30.123390197753906,21.81591033935547,24.603530883789062,22.920761108398438,15.11228084564209,12.74234676361084,15.807130813598633,9.897684097290039,10.495492935180664,8.904808044433594,7.498113632202148,5.175018310546875
5843,1.0,mts,1618.1331787109375,1567.651611328125,22.653661727905273,10.817320823669434,6.2124104499816895,3.9053189754486084,2.009364128112793,1.7720825672149658,1.2728500366210938,0.5584755539894104,0.3618970513343811,0.4021368622779846,0.18344813585281372,0.14672690629959106,0.09981900453567505,0.061584003269672394,0.0247102789580822
5843,2.0,naive,1177.9776611328125,209.77496337890625,143.8617706298828,125.624267578125,112.86244201660156,97.04481506347656,68.35466003417969,80.70719146728516,75.75543975830078,44.87548065185547,36.50146484375,52.42867660522461,30.307559967041016,31.913789749145508,27.978076934814453,23.19693946838379,16.79013442993164
5843,2.0,denoise_naive,834.0050048828125,154.3650360107422,96.90611267089844,78.98078155517578,74.21015930175781,65.2958755493164,49.353031158447266,53.37842559814453,50.29071807861328,36.786128997802734,32.3887825012207,35.52178192138672,24.78373908996582,26.24506187438965,21.986690521240234,19.199222564697266,14.313457489013672
5843,2.0,cds,1500.7161865234375,307.31494140625,187.7029266357422,151.24551391601562,137.90541076660156,119.14027404785156,85.7392807006836,95.23616027832031,88.71112060546875,59.18464279174805,49.988460540771484,59.77867889404297,37.181060791015625,40.425193786621094,33.10729217529297,28.132259368896484,19.922927856445312
5843,2.0,mts,6472.53271484375,6270.6064453125,90.61463928222656,43.269287109375,24.84964370727539,15.62127685546875,8.037456512451172,7.08833122253418,5.091400146484375,2.2339026927948,1.4475877285003662,1.6085474491119385,0.7337923049926758,0.5869075059890747,0.39927589893341064,0.24633604288101196,0.09884120523929596
13094,1.0,naive,3050.55126953125,687.463623046875,572.30322265625,440.59912109375,349.52642822265625,202.02093505859375,184.50106811523438,176.7230224609375,136.6737060546875,63.84432601928711,45.7285041809082,45.45225143432617,42.41361999511719,32.1810302734375,27.224151611328125,22.13835334777832,21.757911682128906
13094,1.0,denoise_naive,1951.589111328125,450.95416259765625,335.72125244140625,268.7431335449219,182.08892822265625,124.65023803710938,110.33309936523438,94.96139526367188,85.67430114746094,56.48494338989258,47.28676986694336,42.55705261230469,40.818790435791016,34.72639083862305,30.56924057006836,25.632068634033203,20.38726806640625
13094,1.0,cds,3919.552734375,969.858642578125,726.7532958984375,567.4259033203125,393.0881042480469,248.53070068359375,218.983154296875,190.61590576171875,162.9322509765625,90.87178802490234,70.66157531738281,64.0861587524414,61.812801361083984,49.04458236694336,42.40625,34.05619812011719,28.42546272277832
13094,1.0,mts,13978.5751953125,13670.2587890625,161.41079711914062,70.05250549316406,35.43177032470703,15.41922378540039,10.391603469848633,7.2875075340271,4.252758026123047,1.5270509719848633,0.8309100866317749,0.6343658566474915,0.4768020510673523,0.27540069818496704,0.17896772921085358,0.10868749022483826,0.03889283537864685
13094,2.0,naive,12202.205078125,2749.8544921875,2289.212890625,1762.396484375,1398.1055908203125,808.083740234375,738.0042724609375,706.89208984375,546.69482421875,255.37728881835938,182.91403198242188,181.80902099609375,169.65447998046875,128.72412109375,108.8966064453125,88.55340576171875,87.03164672851562
13094,2.0,denoise_naive,4345.716796875,1226.53857421875,738.0274658203125,588.625732421875,360.3916015625,258.9149475097656,218.8587188720703,179.12326049804688,166.4212646484375,116.92327117919922,98.79793548583984,85.29302978515625,80.71066284179688,70.42153930664062,60.76990509033203,51.33590316772461,44.56317901611328
13094,2.0,cds,14669.4296875,3996.92919921875,2790.105712890625,2164.694091796875,1439.3184814453125,887.8768310546875,772.1866455078125,654.410888671875,563.5328369140625,294.9656066894531,223.08023071289062,198.59548950195312,194.49850463867188,152.94326782226562,130.04019165039062,103.19883728027344,103.05198669433594
13094,2.0,mts,55914.30078125,54681.03515625,645.6431884765625,280.21002197265625,141.72711181640625,61.67689895629883,41.56641387939453,29.15003204345703,17.011032104492188,6.108203887939453,3.3236396312713623,2.537463665008545,1.9072078466415405,1.1016027927398682,0.7158713340759277,0.4347500205039978,0.15557146072387695
7998,1.0,naive,2759.077392578125,460.3084716796875,516.6927490234375,389.51702880859375,286.43536376953125,287.63519287109375,177.83132934570312,162.6385955810547,109.65605163574219,76.36167907714844,85.30976104736328,60.31278610229492,35.77845001220703,31.377538681030273,33.66606521606445,26.696138381958008,18.860212326049805
7998,1.0,denoise_naive,1521.458740234375,286.846435546875,253.0680694580078,182.32125854492188,135.29891967773438,131.56304931640625,96.77483367919922,83.24160766601562,66.2712173461914,51.91963577270508,51.82805633544922,42.41554260253906,34.57288360595703,31.081674575805664,30.41653823852539,24.437021255493164,19.402027130126953
7998,1.0,cds,3489.43359375,693.298583984375,641.5308837890625,459.43499755859375,329.13079833984375,322.8662414550781,217.99501037597656,188.2019805908203,136.92034912109375,98.93534851074219,103.4103012084961,77.71414184570312,54.716590881347656,48.35810470581055,49.54027557373047,37.930694580078125,29.449417114257812
7998,1.0,mts,9052.865234375,8315.0234375,385.025146484375,156.91290283203125,76.30157470703125,55.40382766723633,24.79886245727539,16.950923919677734,8.87888240814209,4.614589214324951,4.052894592285156,2.1746459007263184,1.0030646324157715,0.7045378684997559,0.5646270513534546,0.35015666484832764,0.104741171002388
7998,2.0,naive,11036.3095703125,1841.2340087890625,2066.77099609375,1558.068115234375,1145.741455078125,1150.540771484375,711.3253173828125,650.5543212890625,438.62420654296875,305.4467468261719,341.2390441894531,241.25112915039062,143.11380004882812,125.51013946533203,134.6642608642578,106.78455352783203,75.44084930419922
7998,2.0,denoise_naive,3189.880859375,762.3038330078125,520.5023803710938,357.2000732421875,262.270263671875,245.68710327148438,187.84304809570312,156.02291870117188,128.6415557861328,103.1945571899414,97.58152770996094,82.17637634277344,71.4660415649414,63.213157653808594,60.29621124267578,48.014976501464844,43.46674346923828
7998,2.0,cds,13162.0400390625,2813.294189453125,2500.7109375,1747.52392578125,1230.08056640625,1204.538330078125,797.37890625,678.9078369140625,483.244140625,341.83538818359375,360.58740234375,262.55975341796875,181.07879638671875,158.74871826171875,165.3751983642578,123.59738159179688,112.57868957519531
7998,2.0,mts,36211.4609375,33260.09375,1540.1005859375,627.651611328125,305.206298828125,221.6153106689453,99.19546508789062,67.80369567871094,35.515533447265625,18.458358764648438,16.211578369140625,8.698583602905273,4.012259483337402,2.8181517124176025,2.2585086822509766,1.4006268978118896,0.41896477341651917
15503,1.0,naive,1490.984375,354.64825439453125,235.87240600585938,168.3315887451172,127.41004943847656,148.41525268554688,96.57389831542969,93.39900970458984,46.466148376464844,46.1636962890625,47.93727493286133,28.372432708740234,30.807453155517578,24.286991119384766,21.320571899414062,13.206307411193848,7.772964954376221
15503,1.0,denoise_naive,1099.7799072265625,257.009765625,163.86305236816406,108.4398422241211,91.34272766113281,92.71499633789062,67.10281372070312,64.48416137695312,41.48102569580078,38.04850769042969,38.254119873046875,31.43523597717285,29.184207916259766,24.855485916137695,22.478805541992188,16.727706909179688,12.357544898986816
15503,1.0,cds,1969.906982421875,511.0633544921875,315.1279602050781,206.77622985839844,166.23179626464844,172.44461059570312,118.29729461669922,113.43180084228516,64.10543823242188,59.004093170166016,60.142173767089844,44.167808532714844,42.024009704589844,34.01443099975586,30.23394775390625,19.707799911499023,13.134312629699707
15503,1.0,mts,5432.345703125,5056.17919921875,197.27816772460938,75.49028015136719,36.6446647644043,29.559818267822266,14.258428573608398,10.474846839904785,3.899024486541748,2.9782636165618896,2.390174388885498,1.0769658088684082,0.9159860610961914,0.5697274804115295,0.38822081685066223,0.1800518035888672,0.06241269409656525
15503,2.0,naive,5963.93701171875,1418.593017578125,943.4896240234375,673.3262939453125,509.64019775390625,593.6610107421875,386.29559326171875,373.59600830078125,185.86459350585938,184.65478515625,191.74908447265625,113.4897232055664,123.22981262207031,97.14796447753906,85.28228759765625,52.82522964477539,31.091859817504883
15503,2.0,denoise_naive,2798.03369140625,760.5469970703125,445.02178955078125,268.0564270019531,227.657470703125,216.29312133789062,156.31515502929688,146.13157653808594,98.7159423828125,86.17147827148438,84.43852233886719,74.46792602539062,65.74360656738281,55.33573913574219,49.65542984008789,36.64255905151367,26.840187072753906
15503,2.0,cds,7570.43310546875,2127.3359375,1269.6431884765625,786.685791015625,630.1668701171875,649.2421264648438,431.315185546875,414.4097900390625,224.94387817382812,203.5319061279297,209.48443603515625,155.69979858398438,145.06300354003906,115.52996826171875,102.82547760009766,62.610626220703125,41.945350646972656
15503,2.0,mts,21729.3828125,20224.716796875,789.1126098632812,301.9611511230469,146.57864379882812,118.23926544189453,57.033714294433594,41.899391174316406,15.596097946166992,11.913055419921875,9.560696601867676,4.307863235473633,3.663944721221924,2.278909683227539,1.552883505821228,0.7202067375183105,0.24965082108974457
4151,1.0,naive,1020.5278930664062,178.77764892578125,170.51507568359375,137.47869873046875,111.83810424804688,59.63168716430664,45.96055221557617,48.375938415527344,50.88123321533203,52.08522033691406,37.266937255859375,26.845203399658203,22.947132110595703,23.008426666259766,26.54543113708496,15.464313507080078,12.90626335144043
4151,1.0,denoise_naive,765.8017578125,138.619384765625,118.35700988769531,89.61730194091797,72.79849243164062,47.93508529663086,37.728675842285156,38.12735366821289,38.71564483642578,39.34107971191406,29.96979522705078,24.048526763916016,21.00481605529785,20.572193145751953,21.282379150390625,15.103372573852539,12.580657958984375
4151,1.0,cds,1295.328857421875,260.34893798828125,216.68267822265625,162.43185424804688,129.82647705078125,78.65711975097656,59.74457550048828,60.556358337402344,61.753662109375,62.7517204284668,45.22596740722656,34.28443145751953,28.78569793701172,28.410491943359375,30.852025985717773,19.262638092041016,15.754182815551758
4151,1.0,mts,4067.169677734375,3793.634521484375,149.75343322753906,57.66319274902344,29.731229782104492,11.98062801361084,6.681402206420898,5.465265274047852,4.2439374923706055,3.202965259552002,1.8361711502075195,1.012520670890808,0.6677393913269043,0.525479793548584,0.47095566987991333,0.20558591187000275,0.09466668218374252
4151,2.0,naive,4082.111328125,715.110595703125,682.060302734375,549.914794921875,447.3524475097656,238.52676391601562,183.8422088623047,193.5037384033203,203.52491760253906,208.34088134765625,149.0677490234375,107.38081359863281,91.78852844238281,92.03370666503906,106.18173217773438,61.85725402832031,51.62505340576172
4151,2.0,denoise_naive,2008.728759765625,442.2169189453125,328.19915771484375,230.1165771484375,180.9779815673828,124.59638214111328,95.38324737548828,94.16992950439453,91.948974609375,92.98597717285156,69.7989501953125,56.52431869506836,47.750301361083984,46.29143524169922,46.34101104736328,33.26764678955078,28.15998077392578
4151,2.0,cds,5079.833984375,1116.1824951171875,885.6748657226562,638.5878295898438,499.4836120605469,299.4140625,222.11178588867188,225.2996826171875,228.41297912597656,234.92483520507812,165.51788330078125,123.83499908447266,101.50830841064453,101.35769653320312,111.20722198486328,68.06099700927734,58.254737854003906
4151,2.0,mts,16268.6787109375,15174.5380859375,599.0137329101562,230.6527862548828,118.9249267578125,47.922515869140625,26.72560691833496,21.861061096191406,16.975749969482422,12.811861038208008,7.344683647155762,4.050084114074707,2.6709578037261963,2.101919651031494,1.8838224411010742,0.8223434686660767,0.37866678833961487
17590,1.0,naive,123.59140014648438,21.937740325927734,12.112953186035156,6.920779705047607,9.412135124206543,6.194631576538086,9.918266296386719,8.456542015075684,6.379349231719971,10.181154251098633,9.490631103515625,3.3678221702575684,5.040639877319336,4.609170436859131,4.541007995605469,2.891436815261841,2.1371474266052246
17590,1.0,denoise_naive,174.831298828125,31.611248016357422,17.26868438720703,11.550224304199219,12.672950744628906,9.898782730102539,12.197580337524414,10.802998542785645,9.176517486572266,11.545852661132812,10.90135383605957,6.445320129394531,7.393155097961426,6.897095203399658,6.650942802429199,5.371425151824951,4.447174072265625
17590,1.0,cds,164.5657501220703,32.90933609008789,17.872207641601562,11.054952621459961,12.718297958374023,9.001564025878906,12.226016998291016,10.44758415222168,8.212778091430664,11.56101131439209,10.724869728088379,4.68599796295166,6.136303901672363,5.520271301269531,5.332059860229492,3.6597163677215576,2.50278377532959
17590,1.0,mts,503.4842529296875,480.47998046875,10.626577377319336,3.1242029666900635,2.8537793159484863,1.3860256671905518,1.6120612621307373,1.020688772201538,0.5911962389945984,0.7132297158241272,0.5140682458877563,0.13634100556373596,0.16125498712062836,0.11560392379760742,0.090269535779953,0.04294712468981743,0.01608242467045784
17590,2.0,naive,494.3656005859375,87.75096130371094,48.451805114746094,27.683116912841797,37.64854049682617,24.778526306152344,39.673065185546875,33.826168060302734,25.51739501953125,40.72461700439453,37.9625244140625,13.47128963470459,20.162559509277344,18.436683654785156,18.164031982421875,11.565746307373047,8.548587799072266
17590,2.0,denoise_naive,473.68780517578125,89.86117553710938,50.10270690917969,32.20024108886719,35.27259826660156,26.805950164794922,33.933349609375,29.462852478027344,24.453739166259766,31.56801414489746,29.307205200195312,15.942325592041016,18.879600524902344,17.164512634277344,16.595226287841797,12.604114532470703,9.534202575683594
17590,2.0,cds,668.2913208007812,144.33641052246094,76.52259826660156,46.4064826965332,50.93332290649414,36.209686279296875,48.18280029296875,40.797122955322266,32.1480598449707,44.56721496582031,40.95539855957031,18.21905517578125,23.680728912353516,21.08332061767578,20.53331756591797,14.047439575195312,9.668359756469727
17590,2.0,mts,2013.93701171875,1921.9197998046875,42.506309509277344,12.49681282043457,11.415117263793945,5.544102668762207,6.448245048522949,4.082754611968994,2.3647851943969727,2.8529186248779297,2.0562734603881836,0.5453640222549438,0.6450198888778687,0.4624156951904297,0.36107802391052246,0.17178842425346375,0.06432974338531494
835,1.0,naive,1949.8829345703125,423.84625244140625,302.9857482910156,313.34814453125,193.341064453125,149.57545471191406,154.78453063964844,97.88534545898438,91.54052734375,54.013084411621094,39.73509979248047,34.33509063720703,35.92644119262695,22.9404296875,10.767794609069824,10.507658958435059,14.350321769714355
835,1.0,denoise_naive,1224.751953125,285.56866455078125,156.1749267578125,163.54098510742188,110.49858093261719,87.27716064453125,90.12353515625,60.38063430786133,58.81683349609375,40.11517333984375,35.177711486816406,32.50020217895508,29.58193588256836,24.543460845947266,18.06932830810547,16.653728485107422,15.729044914245605
835,1.0,cds,2457.238037109375,614.8003540039062,349.0362854003906,359.62255859375,230.4770965576172,176.8238525390625,182.86094665527344,115.7009506225586,111.33586883544922,67.71498107910156,55.87291717529297,49.988853454589844,46.77847671508789,34.70805358886719,20.945070266723633,19.475021362304688,21.09672737121582
835,1.0,mts,7959.47509765625,7609.88720703125,164.20663452148438,94.11085510253906,36.529300689697266,20.995899200439453,15.197883605957031,7.332352161407471,5.228361129760742,2.3253345489501953,1.3544824123382568,0.9424697160720825,0.7343692183494568,0.35904282331466675,0.13477516174316406,0.09230318665504456,0.04410107061266899
835,2.0,naive,7799.53173828125,1695.385009765625,1211.94287109375,1253.392333984375,773.3643188476562,598.3018188476562,619.1381225585938,391.5413513183594,366.162109375,216.0523223876953,158.94039916992188,137.34036254882812,143.70574951171875,91.76171112060547,43.0711784362793,42.0306396484375,57.40128707885742
835,2.0,denoise_naive,2847.760986328125,810.9308471679688,349.50567626953125,351.92218017578125,242.78041076660156,188.0454864501953,190.50271606445312,126.52295684814453,122.65274047851562,86.5103759765625,76.56468200683594,71.24993896484375,60.94594955444336,54.05064392089844,40.558631896972656,36.62831497192383,38.38945007324219
835,2.0,cds,9428.8759765625,2586.94970703125,1345.188720703125,1387.393310546875,873.1951293945312,654.2520751953125,683.107421875,413.10894775390625,400.5716552734375,234.5982208251953,191.43798828125,172.29608154296875,158.1165008544922,117.62187957763672,65.81356811523438,61.62916946411133,83.59578704833984
835,2.0,mts,31837.90234375,30439.548828125,656.8265380859375,376.44342041015625,146.11720275878906,83.98358917236328,60.791534423828125,29.32940673828125,20.91344451904297,9.301340103149414,5.417929649353027,3.7698781490325928,2.9374771118164062,1.436171054840088,0.5391007661819458,0.36921265721321106,0.17640450596809387
